{
  "generated_at": 1756195459.336872,
  "metrics": {
    "AnnReturn": {
      "AAPL": -0.09654191690054763,
      "BTC-USD": -0.13572533643002138,
      "MSFT": -0.1339623351306291
    },
    "Vol": {
      "AAPL": 0.1405639323858633,
      "BTC-USD": 0.1002169329660374,
      "MSFT": 0.11831367325310961
    },
    "Sharpe": {
      "AAPL": -0.6868185548162494,
      "BTC-USD": -1.3543154077167523,
      "MSFT": -1.1322641876230328
    },
    "MaxDD": {
      "AAPL": 0.25389108570212005,
      "BTC-USD": 0.25350116757300056,
      "MSFT": 0.25333268693222266
    },
    "CAGR": {
      "AAPL": -0.10102370161620644,
      "BTC-USD": -0.13133479042345053,
      "MSFT": -0.13153757509337716
    },
    "FinalEquity": {
      "AAPL": 80203.40127661508,
      "BTC-USD": 74702.8502895976,
      "MSFT": 74666.73130677773
    },
    "Bars": {
      "AAPL": 522,
      "BTC-USD": 522,
      "MSFT": 522
    }
  }
}